customer_id,customer_name,segment,city,join_date
C1000,Customer 1000,Wholesale,Singapore,2024-03-09
C1001,Customer 1001,Online,Batam,2024-11-29
C1002,Customer 1002,Online,Singapore,2024-02-26
C1003,Customer 1003,Retail,Johor Bahru,2023-04-20
C1004,Customer 1004,Retail,Singapore,2024-10-05
C1005,Customer 1005,Online,Batam,2024-07-22
C1006,Customer 1006,Retail,Johor Bahru,2023-09-17
C1007,Customer 1007,Online,Penang,2023-10-15
C1008,Customer 1008,Online,Singapore,2024-04-10
C1009,Customer 1009,Retail,Penang,2024-07-02
C1010,Customer 1010,Retail,Kuala Lumpur,2024-05-07
C1011,Customer 1011,Retail,Johor Bahru,2024-09-16
C1012,Customer 1012,Retail,Batam,2023-02-19
C1013,Customer 1013,Retail,Singapore,2024-11-25
C1014,Customer 1014,Retail,Singapore,2023-12-08
C1015,Customer 1015,Retail,Kuala Lumpur,2023-07-06
C1016,Customer 1016,Online,Penang,2023-06-01
C1017,Customer 1017,Online,Singapore,2023-11-14
C1018,Customer 1018,Wholesale,Kuala Lumpur,2023-07-31
C1019,Customer 1019,Online,Singapore,2024-10-21
C1020,Customer 1020,Retail,Johor Bahru,2023-12-15
C1021,Customer 1021,Retail,Kuala Lumpur,2024-10-24
C1022,Customer 1022,Wholesale,Singapore,2024-04-16
C1023,Customer 1023,Retail,Kuala Lumpur,2023-09-19
C1024,Customer 1024,Retail,Singapore,2023-10-08
C1025,Customer 1025,Retail,Batam,2024-10-20
C1026,Customer 1026,Retail,Singapore,2024-04-05
C1027,Customer 1027,Online,Singapore,2023-10-12
C1028,Customer 1028,Wholesale,Kuala Lumpur,2024-06-07
C1029,Customer 1029,Retail,Johor Bahru,2023-09-20
C1030,Customer 1030,Retail,Kuala Lumpur,2023-06-02
C1031,Customer 1031,Retail,Singapore,2024-06-13
C1032,Customer 1032,Retail,Johor Bahru,2023-03-01
C1033,Customer 1033,Retail,Johor Bahru,2023-11-26
C1034,Customer 1034,Wholesale,Batam,2023-10-16
C1035,Customer 1035,Retail,Singapore,2023-11-10
C1036,Customer 1036,Retail,Singapore,2023-05-29
C1037,Customer 1037,Retail,Johor Bahru,2023-09-28
C1038,Customer 1038,Online,Johor Bahru,2023-03-28
C1039,Customer 1039,Retail,Singapore,2023-10-30
C1040,Customer 1040,Retail,Johor Bahru,2024-05-30
C1041,Customer 1041,Online,Singapore,2023-04-08
C1042,Customer 1042,Retail,Singapore,2023-04-16
C1043,Customer 1043,Online,Penang,2023-02-12
C1044,Customer 1044,Wholesale,Singapore,2024-08-05
C1045,Customer 1045,Wholesale,Singapore,2024-06-11
C1046,Customer 1046,Retail,Kuala Lumpur,2023-01-31
C1047,Customer 1047,Retail,Kuala Lumpur,2024-01-31
C1048,Customer 1048,Retail,Johor Bahru,2023-11-25
C1049,Customer 1049,Online,Penang,2024-04-15
C1050,Customer 1050,Retail,Singapore,2023-09-19
C1051,Customer 1051,Retail,Johor Bahru,2024-07-15
C1052,Customer 1052,Retail,Penang,2023-12-22
C1053,Customer 1053,Retail,Kuala Lumpur,2023-06-11
C1054,Customer 1054,Retail,Johor Bahru,2023-12-18
C1055,Customer 1055,Retail,Singapore,2023-06-13
C1056,Customer 1056,Online,Johor Bahru,2023-12-18
C1057,Customer 1057,Retail,Singapore,2023-07-14
C1058,Customer 1058,Online,Kuala Lumpur,2023-10-31
C1059,Customer 1059,Retail,Singapore,2023-08-01
C1060,Customer 1060,Wholesale,Singapore,2024-01-02
C1061,Customer 1061,Wholesale,Kuala Lumpur,2024-06-16
C1062,Customer 1062,Wholesale,Johor Bahru,2024-04-26
C1063,Customer 1063,Retail,Singapore,2023-09-19
C1064,Customer 1064,Retail,Penang,2023-12-16
C1065,Customer 1065,Retail,Singapore,2023-08-15
C1066,Customer 1066,Retail,Penang,2023-08-06
C1067,Customer 1067,Retail,Kuala Lumpur,2024-03-21
C1068,Customer 1068,Online,Singapore,2024-07-02
C1069,Customer 1069,Retail,Kuala Lumpur,2023-05-11
C1070,Customer 1070,Wholesale,Singapore,2023-06-28
C1071,Customer 1071,Retail,Singapore,2023-03-16
C1072,Customer 1072,Online,Penang,2024-11-25
C1073,Customer 1073,Wholesale,Johor Bahru,2024-05-02
C1074,Customer 1074,Retail,Johor Bahru,2023-04-21
C1075,Customer 1075,Online,Kuala Lumpur,2024-06-13
C1076,Customer 1076,Online,Kuala Lumpur,2023-08-03
C1077,Customer 1077,Online,Johor Bahru,2023-07-27
C1078,Customer 1078,Retail,Singapore,2023-12-08
C1079,Customer 1079,Retail,Singapore,2024-03-21
C1080,Customer 1080,Retail,Singapore,2024-04-06
C1081,Customer 1081,Online,Singapore,2023-01-24
C1082,Customer 1082,Retail,Singapore,2024-06-02
C1083,Customer 1083,Retail,Batam,2023-10-11
C1084,Customer 1084,Online,Singapore,2024-10-02
C1085,Customer 1085,Wholesale,Singapore,2024-02-09
C1086,Customer 1086,Retail,Singapore,2024-10-17
C1087,Customer 1087,Retail,Johor Bahru,2023-06-27
C1088,Customer 1088,Retail,Batam,2024-04-09
C1089,Customer 1089,Retail,Penang,2023-09-01
C1090,Customer 1090,Retail,Singapore,2024-08-24
C1091,Customer 1091,Online,Singapore,2024-03-02
C1092,Customer 1092,Retail,Penang,2024-06-10
C1093,Customer 1093,Retail,Singapore,2024-02-17
C1094,Customer 1094,Retail,Kuala Lumpur,2024-06-18
C1095,Customer 1095,Online,Singapore,2023-04-18
C1096,Customer 1096,Retail,Penang,2023-06-09
C1097,Customer 1097,Retail,Singapore,2024-05-09
C1098,Customer 1098,Retail,Singapore,2023-05-09
C1099,Customer 1099,Retail,Singapore,2023-02-26
C1100,Customer 1100,Online,Singapore,2024-01-27
C1101,Customer 1101,Wholesale,Penang,2024-11-09
C1102,Customer 1102,Retail,Penang,2023-08-06
C1103,Customer 1103,Retail,Singapore,2023-05-22
C1104,Customer 1104,Online,Kuala Lumpur,2024-05-22
C1105,Customer 1105,Retail,Singapore,2023-06-27
C1106,Customer 1106,Retail,Singapore,2024-06-26
C1107,Customer 1107,Wholesale,Johor Bahru,2023-05-21
C1108,Customer 1108,Retail,Singapore,2023-05-13
C1109,Customer 1109,Retail,Singapore,2024-11-25
C1110,Customer 1110,Online,Kuala Lumpur,2024-02-24
C1111,Customer 1111,Online,Kuala Lumpur,2023-07-20
C1112,Customer 1112,Retail,Singapore,2023-11-12
C1113,Customer 1113,Online,Kuala Lumpur,2024-02-28
C1114,Customer 1114,Retail,Penang,2023-02-02
C1115,Customer 1115,Online,Singapore,2024-11-24
C1116,Customer 1116,Online,Singapore,2023-12-02
C1117,Customer 1117,Retail,Kuala Lumpur,2024-10-27
C1118,Customer 1118,Retail,Singapore,2024-07-07
C1119,Customer 1119,Online,Johor Bahru,2023-01-30
C1120,Customer 1120,Retail,Singapore,2024-07-14
C1121,Customer 1121,Wholesale,Johor Bahru,2023-12-31
C1122,Customer 1122,Online,Singapore,2024-09-09
C1123,Customer 1123,Retail,Singapore,2024-02-25
C1124,Customer 1124,Wholesale,Johor Bahru,2023-07-15
C1125,Customer 1125,Retail,Johor Bahru,2024-05-06
C1126,Customer 1126,Retail,Singapore,2023-07-20
C1127,Customer 1127,Retail,Batam,2023-08-24
C1128,Customer 1128,Retail,Singapore,2024-02-17
C1129,Customer 1129,Retail,Singapore,2023-08-18
C1130,Customer 1130,Online,Singapore,2024-10-16
C1131,Customer 1131,Retail,Singapore,2023-01-03
C1132,Customer 1132,Retail,Singapore,2023-09-27
C1133,Customer 1133,Retail,Kuala Lumpur,2023-01-25
C1134,Customer 1134,Online,Kuala Lumpur,2024-05-18
C1135,Customer 1135,Retail,Singapore,2024-01-21
C1136,Customer 1136,Online,Singapore,2023-04-15
C1137,Customer 1137,Retail,Singapore,2023-02-23
C1138,Customer 1138,Retail,Kuala Lumpur,2024-06-05
C1139,Customer 1139,Online,Singapore,2023-05-22
C1140,Customer 1140,Wholesale,Batam,2024-08-12
C1141,Customer 1141,Retail,Kuala Lumpur,2023-08-22
C1142,Customer 1142,Retail,Johor Bahru,2024-01-20
C1143,Customer 1143,Online,Kuala Lumpur,2023-02-19
C1144,Customer 1144,Retail,Kuala Lumpur,2023-12-22
C1145,Customer 1145,Online,Singapore,2023-01-22
C1146,Customer 1146,Retail,Singapore,2023-06-06
C1147,Customer 1147,Retail,Singapore,2024-10-10
C1148,Customer 1148,Retail,Singapore,2024-11-15
C1149,Customer 1149,Online,Singapore,2023-11-01
C1150,Customer 1150,Retail,Singapore,2024-09-27
C1151,Customer 1151,Online,Johor Bahru,2023-05-24
C1152,Customer 1152,Wholesale,Singapore,2024-02-15
C1153,Customer 1153,Wholesale,Singapore,2024-05-10
C1154,Customer 1154,Wholesale,Singapore,2024-09-15
C1155,Customer 1155,Online,Singapore,2023-01-07
C1156,Customer 1156,Retail,Batam,2024-02-21
C1157,Customer 1157,Retail,Singapore,2023-06-21
C1158,Customer 1158,Retail,Singapore,2023-09-28
C1159,Customer 1159,Retail,Singapore,2024-11-03
C1160,Customer 1160,Retail,Singapore,2024-04-02
C1161,Customer 1161,Online,Singapore,2024-09-20
C1162,Customer 1162,Online,Singapore,2023-05-14
C1163,Customer 1163,Retail,Singapore,2024-03-21
C1164,Customer 1164,Wholesale,Singapore,2024-10-10
C1165,Customer 1165,Retail,Kuala Lumpur,2023-03-07
C1166,Customer 1166,Retail,Singapore,2024-09-03
C1167,Customer 1167,Wholesale,Johor Bahru,2023-08-11
C1168,Customer 1168,Retail,Singapore,2023-10-22
C1169,Customer 1169,Online,Singapore,2023-01-20
C1170,Customer 1170,Retail,Penang,2024-08-09
C1171,Customer 1171,Wholesale,Singapore,2023-06-03
C1172,Customer 1172,Wholesale,Batam,2024-11-24
C1173,Customer 1173,Retail,Penang,2023-01-18
C1174,Customer 1174,Retail,Kuala Lumpur,2023-03-18
C1175,Customer 1175,Retail,Singapore,2023-03-30
C1176,Customer 1176,Online,Kuala Lumpur,2024-04-19
C1177,Customer 1177,Online,Johor Bahru,2024-03-19
C1178,Customer 1178,Wholesale,Kuala Lumpur,2023-05-24
C1179,Customer 1179,Retail,Singapore,2023-03-12
C1180,Customer 1180,Online,Batam,2023-07-03
C1181,Customer 1181,Online,Penang,2023-04-20
C1182,Customer 1182,Online,Singapore,2024-05-16
C1183,Customer 1183,Retail,Singapore,2024-09-23
C1184,Customer 1184,Online,Singapore,2023-10-27
C1185,Customer 1185,Retail,Penang,2023-08-23
C1186,Customer 1186,Retail,Batam,2024-01-02
C1187,Customer 1187,Retail,Batam,2023-08-22
C1188,Customer 1188,Retail,Johor Bahru,2023-05-08
C1189,Customer 1189,Retail,Kuala Lumpur,2023-03-02
C1190,Customer 1190,Retail,Kuala Lumpur,2024-03-31
C1191,Customer 1191,Retail,Johor Bahru,2024-07-11
C1192,Customer 1192,Retail,Batam,2023-12-30
C1193,Customer 1193,Retail,Johor Bahru,2024-04-18
C1194,Customer 1194,Retail,Singapore,2023-03-23
C1195,Customer 1195,Wholesale,Johor Bahru,2024-01-18
C1196,Customer 1196,Retail,Singapore,2024-04-15
C1197,Customer 1197,Retail,Kuala Lumpur,2024-03-08
C1198,Customer 1198,Online,Kuala Lumpur,2023-01-18
C1199,Customer 1199,Retail,Singapore,2023-03-12
C1200,Customer 1200,Online,Penang,2024-11-20
C1201,Customer 1201,Wholesale,Kuala Lumpur,2023-07-02
C1202,Customer 1202,Wholesale,Singapore,2023-06-12
C1203,Customer 1203,Retail,Singapore,2024-02-13
C1204,Customer 1204,Retail,Singapore,2024-05-28
C1205,Customer 1205,Retail,Singapore,2024-10-28
C1206,Customer 1206,Online,Singapore,2024-06-04
C1207,Customer 1207,Online,Singapore,2024-07-25
C1208,Customer 1208,Online,Batam,2024-10-04
C1209,Customer 1209,Retail,Singapore,2024-03-24
C1210,Customer 1210,Retail,Penang,2024-02-28
C1211,Customer 1211,Retail,Kuala Lumpur,2023-12-30
C1212,Customer 1212,Retail,Penang,2023-05-24
C1213,Customer 1213,Wholesale,Singapore,2023-01-11
C1214,Customer 1214,Online,Singapore,2023-03-27
C1215,Customer 1215,Retail,Kuala Lumpur,2024-09-15
C1216,Customer 1216,Online,Singapore,2023-08-03
C1217,Customer 1217,Online,Singapore,2023-02-16
C1218,Customer 1218,Retail,Kuala Lumpur,2023-04-08
C1219,Customer 1219,Online,Kuala Lumpur,2023-04-01
C1220,Customer 1220,Online,Singapore,2023-09-20
C1221,Customer 1221,Retail,Singapore,2024-04-30
C1222,Customer 1222,Retail,Batam,2024-07-18
C1223,Customer 1223,Wholesale,Singapore,2024-07-22
C1224,Customer 1224,Wholesale,Kuala Lumpur,2024-11-01
C1225,Customer 1225,Retail,Singapore,2024-07-04
C1226,Customer 1226,Wholesale,Penang,2023-07-04
C1227,Customer 1227,Wholesale,Singapore,2023-11-13
C1228,Customer 1228,Online,Johor Bahru,2024-03-29
C1229,Customer 1229,Online,Singapore,2023-05-04
C1230,Customer 1230,Retail,Johor Bahru,2024-04-25
C1231,Customer 1231,Wholesale,Penang,2023-01-25
C1232,Customer 1232,Online,Singapore,2023-06-07
C1233,Customer 1233,Online,Singapore,2024-08-18
C1234,Customer 1234,Retail,Kuala Lumpur,2023-08-12
C1235,Customer 1235,Retail,Johor Bahru,2024-11-15
C1236,Customer 1236,Wholesale,Singapore,2024-08-10
C1237,Customer 1237,Retail,Johor Bahru,2023-06-20
C1238,Customer 1238,Retail,Singapore,2024-10-06
C1239,Customer 1239,Online,Penang,2024-08-29
C1240,Customer 1240,Retail,Singapore,2024-11-19
C1241,Customer 1241,Retail,Kuala Lumpur,2023-10-09
C1242,Customer 1242,Retail,Johor Bahru,2024-09-27
C1243,Customer 1243,Wholesale,Kuala Lumpur,2023-08-06
C1244,Customer 1244,Retail,Singapore,2023-09-07
C1245,Customer 1245,Retail,Kuala Lumpur,2023-12-20
C1246,Customer 1246,Retail,Kuala Lumpur,2023-09-11
C1247,Customer 1247,Wholesale,Singapore,2023-01-06
C1248,Customer 1248,Online,Singapore,2024-05-17
C1249,Customer 1249,Retail,Batam,2023-11-06
C1250,Customer 1250,Retail,Kuala Lumpur,2024-07-26
C1251,Customer 1251,Retail,Singapore,2023-05-20
C1252,Customer 1252,Retail,Kuala Lumpur,2023-06-08
C1253,Customer 1253,Retail,Singapore,2024-05-13
C1254,Customer 1254,Retail,Singapore,2024-05-03
C1255,Customer 1255,Retail,Penang,2023-12-18
C1256,Customer 1256,Retail,Singapore,2024-02-26
C1257,Customer 1257,Online,Singapore,2024-08-31
C1258,Customer 1258,Retail,Singapore,2024-09-07
C1259,Customer 1259,Retail,Singapore,2024-09-19
C1260,Customer 1260,Retail,Singapore,2024-11-25
C1261,Customer 1261,Online,Singapore,2023-08-10
C1262,Customer 1262,Retail,Singapore,2024-07-11
C1263,Customer 1263,Retail,Singapore,2023-07-16
C1264,Customer 1264,Retail,Singapore,2024-08-30
C1265,Customer 1265,Retail,Singapore,2024-10-19
C1266,Customer 1266,Online,Kuala Lumpur,2023-11-04
C1267,Customer 1267,Retail,Batam,2023-12-19
C1268,Customer 1268,Retail,Singapore,2023-03-24
C1269,Customer 1269,Online,Johor Bahru,2023-03-09
C1270,Customer 1270,Wholesale,Johor Bahru,2023-05-19
C1271,Customer 1271,Retail,Singapore,2023-02-02
C1272,Customer 1272,Retail,Singapore,2023-10-07
C1273,Customer 1273,Online,Penang,2024-11-24
C1274,Customer 1274,Retail,Singapore,2024-05-09
C1275,Customer 1275,Wholesale,Penang,2024-02-10
C1276,Customer 1276,Retail,Singapore,2024-05-25
C1277,Customer 1277,Wholesale,Johor Bahru,2023-02-08
C1278,Customer 1278,Online,Penang,2024-04-04
C1279,Customer 1279,Online,Penang,2023-12-24
C1280,Customer 1280,Wholesale,Singapore,2023-03-22
C1281,Customer 1281,Retail,Johor Bahru,2023-12-19
C1282,Customer 1282,Retail,Singapore,2024-04-10
C1283,Customer 1283,Retail,Kuala Lumpur,2023-11-01
C1284,Customer 1284,Online,Singapore,2024-10-07
C1285,Customer 1285,Retail,Singapore,2024-10-27
C1286,Customer 1286,Retail,Penang,2023-09-10
C1287,Customer 1287,Retail,Singapore,2024-10-26
C1288,Customer 1288,Wholesale,Singapore,2023-06-20
C1289,Customer 1289,Online,Batam,2023-03-29
C1290,Customer 1290,Retail,Singapore,2024-03-30
C1291,Customer 1291,Retail,Singapore,2023-04-17
C1292,Customer 1292,Online,Singapore,2023-08-12
C1293,Customer 1293,Wholesale,Singapore,2023-10-13
C1294,Customer 1294,Wholesale,Singapore,2024-04-26
C1295,Customer 1295,Online,Johor Bahru,2024-08-06
C1296,Customer 1296,Online,Batam,2024-09-17
C1297,Customer 1297,Online,Johor Bahru,2024-03-12
C1298,Customer 1298,Online,Johor Bahru,2024-11-05
C1299,Customer 1299,Retail,Singapore,2024-05-25
C1300,Customer 1300,Wholesale,Johor Bahru,2024-09-03
C1301,Customer 1301,Retail,Kuala Lumpur,2024-02-08
C1302,Customer 1302,Online,Johor Bahru,2023-03-24
C1303,Customer 1303,Online,Penang,2023-05-28
C1304,Customer 1304,Wholesale,Johor Bahru,2023-10-17
C1305,Customer 1305,Retail,Singapore,2024-07-26
C1306,Customer 1306,Retail,Johor Bahru,2023-10-18
C1307,Customer 1307,Retail,Singapore,2023-01-10
C1308,Customer 1308,Retail,Singapore,2023-10-30
C1309,Customer 1309,Online,Johor Bahru,2024-05-03
C1310,Customer 1310,Retail,Penang,2024-11-24
C1311,Customer 1311,Retail,Singapore,2023-05-17
C1312,Customer 1312,Retail,Johor Bahru,2023-08-06
C1313,Customer 1313,Wholesale,Kuala Lumpur,2023-11-26
C1314,Customer 1314,Retail,Singapore,2023-12-08
C1315,Customer 1315,Online,Singapore,2024-11-13
C1316,Customer 1316,Online,Singapore,2023-10-07
C1317,Customer 1317,Retail,Johor Bahru,2024-01-13
C1318,Customer 1318,Retail,Kuala Lumpur,2023-06-26
C1319,Customer 1319,Online,Johor Bahru,2023-02-09
C1320,Customer 1320,Online,Singapore,2023-10-02
C1321,Customer 1321,Retail,Penang,2023-10-28
C1322,Customer 1322,Wholesale,Batam,2023-05-01
C1323,Customer 1323,Online,Singapore,2024-04-07
C1324,Customer 1324,Online,Singapore,2023-08-20
C1325,Customer 1325,Retail,Singapore,2023-02-09
C1326,Customer 1326,Retail,Penang,2024-01-10
C1327,Customer 1327,Online,Batam,2023-06-26
C1328,Customer 1328,Retail,Singapore,2024-05-24
C1329,Customer 1329,Retail,Singapore,2023-01-13
C1330,Customer 1330,Retail,Singapore,2024-06-22
C1331,Customer 1331,Retail,Singapore,2024-01-14
C1332,Customer 1332,Online,Batam,2024-05-26
C1333,Customer 1333,Retail,Singapore,2023-09-25
C1334,Customer 1334,Online,Singapore,2024-09-09
C1335,Customer 1335,Retail,Singapore,2023-12-19
C1336,Customer 1336,Online,Johor Bahru,2024-11-29
C1337,Customer 1337,Retail,Kuala Lumpur,2023-07-27
C1338,Customer 1338,Retail,Singapore,2024-08-22
C1339,Customer 1339,Retail,Singapore,2024-04-04
C1340,Customer 1340,Retail,Singapore,2024-10-09
C1341,Customer 1341,Retail,Batam,2023-05-02
C1342,Customer 1342,Wholesale,Kuala Lumpur,2023-12-26
C1343,Customer 1343,Retail,Singapore,2024-09-26
C1344,Customer 1344,Retail,Penang,2023-06-21
C1345,Customer 1345,Online,Singapore,2024-11-03
C1346,Customer 1346,Online,Kuala Lumpur,2024-11-08
C1347,Customer 1347,Online,Singapore,2023-12-12
C1348,Customer 1348,Retail,Penang,2024-05-24
C1349,Customer 1349,Retail,Singapore,2023-11-22
C1350,Customer 1350,Retail,Singapore,2024-04-05
C1351,Customer 1351,Retail,Kuala Lumpur,2024-08-24
C1352,Customer 1352,Retail,Johor Bahru,2024-06-02
C1353,Customer 1353,Retail,Singapore,2023-07-22
C1354,Customer 1354,Retail,Singapore,2024-02-10
C1355,Customer 1355,Retail,Singapore,2024-07-16
C1356,Customer 1356,Online,Singapore,2024-02-12
C1357,Customer 1357,Retail,Singapore,2023-07-21
C1358,Customer 1358,Retail,Singapore,2024-06-10
C1359,Customer 1359,Wholesale,Singapore,2024-05-18
C1360,Customer 1360,Retail,Singapore,2024-03-20
C1361,Customer 1361,Retail,Johor Bahru,2023-08-22
C1362,Customer 1362,Retail,Singapore,2024-01-29
C1363,Customer 1363,Retail,Singapore,2024-02-26
C1364,Customer 1364,Wholesale,Singapore,2023-05-30
C1365,Customer 1365,Retail,Kuala Lumpur,2024-10-10
C1366,Customer 1366,Retail,Singapore,2024-02-20
C1367,Customer 1367,Online,Singapore,2023-02-08
C1368,Customer 1368,Online,Kuala Lumpur,2023-07-09
C1369,Customer 1369,Retail,Singapore,2024-07-19
C1370,Customer 1370,Retail,Penang,2024-04-30
C1371,Customer 1371,Retail,Batam,2024-01-15
C1372,Customer 1372,Online,Singapore,2023-12-13
C1373,Customer 1373,Online,Kuala Lumpur,2023-09-23
C1374,Customer 1374,Retail,Singapore,2024-10-21
C1375,Customer 1375,Online,Singapore,2023-09-03
C1376,Customer 1376,Retail,Singapore,2024-08-04
C1377,Customer 1377,Retail,Johor Bahru,2023-02-18
C1378,Customer 1378,Retail,Batam,2024-01-09
C1379,Customer 1379,Online,Singapore,2023-06-30
C1380,Customer 1380,Retail,Kuala Lumpur,2023-10-23
C1381,Customer 1381,Retail,Singapore,2024-03-12
C1382,Customer 1382,Retail,Singapore,2023-02-17
C1383,Customer 1383,Retail,Batam,2023-03-10
C1384,Customer 1384,Retail,Kuala Lumpur,2024-02-10
C1385,Customer 1385,Retail,Singapore,2024-04-13
C1386,Customer 1386,Online,Batam,2023-02-13
C1387,Customer 1387,Online,Singapore,2024-11-04
C1388,Customer 1388,Online,Singapore,2023-11-03
C1389,Customer 1389,Online,Singapore,2024-11-17
C1390,Customer 1390,Wholesale,Batam,2023-04-06
C1391,Customer 1391,Online,Singapore,2024-09-14
C1392,Customer 1392,Wholesale,Batam,2024-03-27
C1393,Customer 1393,Wholesale,Johor Bahru,2024-07-18
C1394,Customer 1394,Retail,Singapore,2024-07-19
C1395,Customer 1395,Retail,Johor Bahru,2023-05-05
C1396,Customer 1396,Online,Singapore,2023-04-28
C1397,Customer 1397,Retail,Johor Bahru,2024-11-10
C1398,Customer 1398,Online,Kuala Lumpur,2023-10-30
C1399,Customer 1399,Retail,Kuala Lumpur,2023-05-22
C1398,Customer 1398,Online,Singapore,2023-10-30
C1125,Customer 1125,Retail,Singapore,2024-05-06
C1328,Customer 1328,Retail,Singapore,2024-05-24
