product_id,category,unit_price,unit_cost
P001,Personal Care,9.71,5.3
P002,Stationery,26.87,12.97
P003,Snack,19.87,13.78
P004,Stationery,20.17,13.94
P005,Beverage,10.44,6.46
P006,Personal Care,30.41,14.94
P007,Snack,14.09,8.63
P008,Household,18.86,12.05
P009,Personal Care,21.66,12.53
P010,Snack,40.84,28.96
P011,Beverage,12.22,6.93
P012,Household,32.76,19.76
P013,Stationery,14.96,7.24
P014,Snack,40.41,25.02
P015,Household,18.64,12.67
P016,Beverage,23.47,15.71
P017,Snack,39.66,20.9
P018,Beverage,30.77,23.0
P019,Beverage,5.6,3.73
P020,Stationery,7.45,4.3
P021,Stationery,44.6,25.62
P022,Stationery,2.77,1.89
P023,Personal Care,14.59,7.33
P024,Beverage,43.21,27.74
P025,Stationery,2.16,1.44
P026,Beverage,8.52,5.15
P027,Snack,10.78,7.67
P028,Snack,5.26,3.11
P029,Personal Care,22.03,12.99
P030,Beverage,27.27,14.6
