order_id,return_date,reason
O204405,2025-01-28,Changed mind
O203853,2025-03-18,Damaged
O200167,2025-05-07,Wrong item
O204195,2025-08-05,Changed mind
O204687,2025-02-01,Damaged
O202869,2025-06-19,Damaged
O204708,2025-05-15,Damaged
O201427,2025-02-12,Damaged
O203471,2025-03-07,Expired
O205623,2025-07-17,Changed mind
O200019,2025-08-19,Damaged
O202701,2025-07-07,Damaged
O204564,2025-06-10,Wrong item
O202789,2025-04-27,Wrong item
O205729,2025-07-05,Changed mind
O205270,2025-05-17,Damaged
O205110,2025-01-08,Damaged
O204947,2025-08-26,Wrong item
O205491,2025-01-09,Damaged
O201632,2025-06-09,Damaged
O203780,2025-11-07,Damaged
O205211,2025-08-19,Damaged
O205856,2025-08-18,Damaged
O200942,2025-10-21,Damaged
O201273,2025-03-20,Damaged
O205561,2025-04-06,Wrong item
O205938,2025-12-13,Damaged
O201855,2025-04-17,Changed mind
O201150,2025-10-07,Wrong item
O204692,2025-11-28,Changed mind
O201257,2025-01-14,Changed mind
O201793,2025-12-30,Changed mind
O201568,2025-10-23,Damaged
O201747,2025-12-22,Damaged
O201828,2025-09-17,Changed mind
O201781,2025-03-19,Wrong item
O205986,2025-02-11,Damaged
O201746,2025-10-22,Damaged
O203134,2025-04-28,Damaged
O200666,2025-03-24,Changed mind
O202667,2025-10-03,Changed mind
O200220,2025-09-08,Changed mind
O204365,2025-06-18,Damaged
O200355,2025-08-11,Wrong item
O205744,2025-03-26,Damaged
O200575,2025-06-05,Changed mind
O201440,2025-08-20,Changed mind
O200091,2025-01-30,Changed mind
O205840,2025-09-26,Damaged
O203704,2025-06-18,Wrong item
O200656,2025-07-16,Wrong item
O201896,2025-06-29,Damaged
O203428,2025-07-06,Wrong item
O200768,2025-08-17,Changed mind
O201385,2025-07-14,Wrong item
O201831,2025-08-17,Expired
O205633,2025-03-20,Changed mind
O204914,2025-07-17,Changed mind
O203854,2025-07-24,Damaged
O201227,2025-03-11,Changed mind
O205072,2025-02-20,Changed mind
O201478,2025-02-28,Wrong item
O201804,2025-07-31,Expired
O200943,2025-11-29,Wrong item
O201901,2025-12-27,Expired
O200919,2025-10-30,Damaged
O200382,2025-02-12,Damaged
O202740,2025-05-09,Changed mind
O202343,2025-09-15,Changed mind
O201595,2025-04-18,Changed mind
O204790,2025-11-20,Changed mind
O200285,2025-05-17,Damaged
O204824,2025-08-08,Changed mind
O201371,2025-01-24,Expired
O204512,2025-09-09,Changed mind
O205434,2025-12-10,Wrong item
O201447,2025-02-28,Wrong item
O204678,2025-02-27,Damaged
O201886,2025-10-13,Changed mind
O201969,2025-02-17,Expired
O200408,2025-11-01,Wrong item
O200906,2025-10-23,Changed mind
O203184,2025-11-30,Damaged
O202008,2025-09-22,Damaged
O202850,2025-12-06,Damaged
O203249,2025-11-13,Wrong item
O200292,2025-01-13,Damaged
O204776,2025-10-12,Damaged
O202067,2025-07-31,Wrong item
O201170,2025-04-02,Wrong item
O205615,2025-03-03,Wrong item
O201800,2025-11-16,Wrong item
O203017,2025-02-10,Damaged
O204177,2025-05-15,Changed mind
O203708,2025-12-01,Damaged
O202840,2025-08-15,Expired
O205303,2025-11-20,Wrong item
O205157,2025-01-19,Changed mind
O201334,2025-08-04,Wrong item
O202950,2025-03-21,Damaged
O204264,2025-08-16,Changed mind
O201495,2025-07-15,Changed mind
O204220,2025-12-16,Changed mind
O200478,2026-01-06,Changed mind
O202308,2025-03-04,Changed mind
O202951,2025-09-29,Expired
O204765,2025-03-08,Damaged
O201577,2026-01-12,Wrong item
O201139,2025-08-08,Expired
O201192,2025-02-01,Changed mind
O200936,2025-08-02,Wrong item
O200510,2025-02-21,Changed mind
O205544,2025-05-14,Wrong item
O204500,2025-01-24,Changed mind
O205151,2025-01-17,Changed mind
O204592,2025-08-04,Changed mind
O204339,2025-07-03,Damaged
O201573,2025-06-03,Wrong item
O204724,2025-06-29,Wrong item
O200967,2025-08-20,Changed mind
O202635,2025-01-11,Changed mind
O205748,2025-09-29,Expired
O203917,2025-08-21,Damaged
O204528,2025-04-20,Changed mind
O202146,2025-11-06,Damaged
O200327,2025-08-29,Changed mind
O201141,2025-01-25,Changed mind
O202822,2025-09-14,Changed mind
O204028,2025-06-15,Expired
O203859,2025-09-09,Damaged
O200855,2025-03-26,Damaged
O203140,2025-05-03,Wrong item
O200252,2025-10-19,Wrong item
O202864,2025-09-12,Damaged
O201986,2025-08-14,Expired
O203974,2025-03-19,Changed mind
O203734,2025-06-06,Wrong item
O202594,2025-03-16,Wrong item
O201320,2025-06-14,Wrong item
O201704,2025-05-12,Wrong item
O205309,2025-02-16,Expired
O200673,2025-07-17,Wrong item
O202386,2025-03-20,Damaged
O201572,2025-06-25,Damaged
O201520,2025-05-10,Damaged
O204333,2025-11-12,Wrong item
O205442,2025-06-06,Changed mind
O204180,2025-10-30,Wrong item
O202928,2025-08-14,Damaged
O201382,2025-03-04,Changed mind
O203510,2026-01-09,Damaged
O200402,2025-04-09,Wrong item
O203271,2025-04-10,Damaged
O203925,2025-06-12,Expired
O202081,2026-01-08,Expired
O200557,2025-07-01,Wrong item
O200636,2025-11-26,Damaged
O204713,2025-02-15,Changed mind
O204635,2025-08-30,Expired
O205331,2025-02-06,Changed mind
O205444,2025-10-12,Changed mind
O205624,2025-11-18,Wrong item
O204188,2025-01-26,Expired
O200823,2026-01-02,Expired
O202123,2025-03-07,Wrong item
O205450,2025-07-17,Damaged
O204352,2025-06-28,Damaged
O203733,2025-09-05,Damaged
O200293,2025-05-06,Changed mind
O200190,2025-08-05,Changed mind
O201788,2025-01-29,Wrong item
O201523,2025-10-04,Wrong item
O203866,2025-10-26,Wrong item
O201355,2025-10-08,Expired
O203576,2025-03-13,Damaged
O204448,2025-06-05,Changed mind
O202280,2025-08-03,Changed mind
O205221,2025-10-03,Damaged
O205763,2025-05-09,Changed mind
O203542,2025-12-18,Damaged
O200000,2025-01-20,Wrong item
O200333,2025-06-10,Wrong item
O202410,2025-09-04,Wrong item
O204133,2025-02-01,Changed mind
O203898,2025-07-12,Changed mind
O204332,2025-08-19,Damaged
O200896,2025-12-22,Changed mind
O205798,2025-03-06,Wrong item
O201711,2025-10-06,Damaged
O202809,2025-04-03,Damaged
O204151,2025-03-22,Damaged
O201741,2025-08-12,Damaged
O204737,2025-12-07,Damaged
O202360,2025-09-08,Wrong item
O204460,2025-02-27,Wrong item
O204509,2025-09-19,Damaged
O200245,2025-07-07,Expired
O201900,2025-04-15,Wrong item
O204997,2025-06-03,Changed mind
O200211,2025-03-31,Changed mind
O201597,2025-05-01,Damaged
O201007,2026-01-10,Expired
O204752,2026-01-11,Wrong item
O200810,2025-10-08,Wrong item
O202061,2025-08-12,Changed mind
O205352,2025-08-11,Expired
O203044,2025-06-11,Damaged
O200227,2025-06-14,Damaged
O203595,2025-04-04,Expired
O203781,2025-09-15,Damaged
O201261,2025-03-18,Damaged
O204595,2025-01-30,Damaged
O205495,2025-10-21,Wrong item
O200700,2025-09-05,Changed mind
O205714,2025-02-02,Changed mind
O205994,2025-07-01,Expired
O204178,2025-02-23,Changed mind
O203577,2025-03-23,Damaged
O204677,2025-12-15,Wrong item
O204787,2025-11-20,Wrong item
O203636,2025-02-13,Expired
O202717,2025-11-07,Changed mind
O201547,2025-03-07,Damaged
O203743,2025-05-25,Changed mind
O203262,2025-03-17,Changed mind
O201289,2025-12-01,Damaged
O203198,2025-05-14,Wrong item
O200386,2025-03-21,Wrong item
O201133,2025-12-10,Damaged
O205189,2025-10-27,Wrong item
O202682,2025-04-04,Changed mind
O205576,2025-09-18,Damaged
O202621,2025-03-27,Changed mind
O205912,2025-06-05,Damaged
O202922,2025-05-20,Damaged
O203490,2025-01-12,Changed mind
O202011,2025-05-12,Damaged
O201552,2026-01-02,Damaged
O201318,2025-01-30,Wrong item
O203638,2025-02-19,Wrong item
